month,H1_net,H1_gross
2010-06,0,0
2010-07,0,0
2010-08,0,0
2010-09,0.0551465139,0.05601705667
2010-10,0.06832153499,0.06888070672
2010-11,0.02069596215,0.02100455719
2010-12,0.005693473044,0.005782955715
2011-01,-0.02363327032,-0.0235286755
2011-02,0.01340060656,0.01375167073
2011-03,-0.02007247506,-0.01982801864
2011-04,0.04469301613,0.04501102093
2011-05,0.004170496569,0.004437392639
2011-06,-0.02878194364,-0.02862787576
2011-07,0.03984336044,0.0399229654
2011-08,0.01262354656,0.01297544588
2011-09,-0.07705400001,-0.0769059637
2011-10,0.01872100748,0.01883332224
2011-11,0.009746806889,0.009924380531
2011-12,-0.001834724641,-0.001606540162
2012-01,0.04465891325,0.04477432156
2012-02,0.00672771737,0.006976888633
2012-03,0.001089752539,0.001207073879
2012-04,0.003384333693,0.003534024101
2012-05,-0.08625058608,-0.08606022325
2012-06,0.01204294322,0.01237556922
2012-07,0.03970471977,0.03989417922
2012-08,-0.01185139485,-0.01170704409
2012-09,0.01590548057,0.01605546691
2012-10,-0.03515714021,-0.03482567123
2012-11,-0.01827551871,-0.01791265013
2012-12,-0.02904874604,-0.02870350278
2013-01,0.0413415773,0.04158316776
2013-02,0.03833476058,0.03879410526
2013-03,-0.03340230836,-0.03310478732
2013-04,0.006079130182,0.006456774785
2013-05,0.04128778114,0.04143214501
2013-06,-0.008468794814,-0.008275116102
2013-07,0.02725564629,0.02741774274
2013-08,0.03165441708,0.03187305416
2013-09,-0.02247228282,-0.02234355596
2013-10,-0.005934576151,-0.00579649077
2013-11,0.00112324196,0.00134548815
2013-12,0.04062945471,0.04086629819
2014-01,-0.01304503399,-0.01290981393
2014-02,-0.02215441904,-0.021973562
2014-03,-0.0334825465,-0.03338677257
2014-04,-0.01016887668,-0.009944731944
2014-05,-0.01213942464,-0.01176903764
2014-06,-0.06036382334,-0.06002457969
2014-07,-0.02938314271,-0.02922519621
2014-08,0.001820183679,0.002208994421
2014-09,-8.985010787e-05,5.653879114e-05
2014-10,-0.0482839901,-0.04813599317
2014-11,-0.05599857262,-0.05554078764
2014-12,-0.02290632569,-0.02268372441
2015-01,0.037321456,0.03750296801
2015-02,-0.01263826413,-0.01237562282
2015-03,-0.002052412534,-0.001746221635
2015-04,0.005396692283,0.005870662584
2015-05,-0.007363179718,-0.007104375907
2015-06,-0.02425716204,-0.02390551981
2015-07,0.03268244926,0.03303680879
2015-08,0.0007869498451,0.001424313223
2015-09,-0.01669514932,-0.01633351422
2015-10,0.05994900209,0.06033110882
2015-11,-0.0453287639,-0.04480184941
2015-12,0.05082441268,0.05143709836
2016-01,0.0066540256,0.006880174424
2016-02,0.04982559404,0.05020806493
2016-03,-0.005886200438,-0.005714289138
2016-04,-0.01909289372,-0.01893619024
2016-05,0.02930291854,0.02968729165
2016-06,0.01102269503,0.01134635759
2016-07,-0.007439248738,-0.007232940865
2016-08,0.01267870827,0.01306630981
2016-09,-0.04931852393,-0.04909762257
2016-10,-0.05514889267,-0.05488693542
2016-11,0.03985712618,0.04028655776
2016-12,-0.03907023304,-0.03893626877
2017-01,0.0147207363,0.01490793245
2017-02,0.02402660673,0.02442057947
2017-03,0.02427982266,0.02450962261
2017-04,0.01018309257,0.01052484665
2017-05,-0.007693807442,-0.007254522268
2017-06,-0.03219911811,-0.03194894442
2017-07,-0.006389403463,-0.006182011632
2017-08,0.05976583262,0.06019137732
2017-09,-0.02899292375,-0.02869904914
2017-10,0.02799299883,0.02822586068
2017-11,0.02518644444,0.02559742963
2017-12,0.03094183426,0.03127015675
2018-01,-0.01173355394,-0.01140078081
2018-02,-0.03320912938,-0.03288936717
2018-03,-0.0008745226252,-0.000578409776
2018-04,0.002359628686,0.002484756178
2018-05,-0.01180105409,-0.01148423416
2018-06,0.05959145169,0.0598471298
2018-07,-0.04444339549,-0.04412661604
2018-08,-0.001828222498,-0.001390882431
2018-09,0.03252637616,0.032733009
2018-10,-0.03136685013,-0.03111494757
2018-11,-0.02124814168,-0.02081821107
2018-12,-0.00518190272,-0.005046887987
2019-01,0.01753592561,0.01767351452
2019-02,0.06246026593,0.06269031022
2019-03,-0.02990597465,-0.0297392752
2019-04,0.03785595271,0.03805790971
2019-05,-0.09200709992,-0.09174071921
2019-06,0.03599238453,0.03638875674
2019-07,0.03076928032,0.03100391317
2019-08,0.003981110131,0.004244716453
2019-09,0.006934445184,0.007057845187
2019-10,-0.0004230462256,-0.0002558979201
2019-11,0.0306953779,0.03131134318
2019-12,-0.03341765758,-0.03295575418
2020-01,0.05130357757,0.05182510347
2020-02,-0.03241334057,-0.03166759299
2020-03,-0.1048242069,-0.1045506916
2020-04,-0.004827588904,-0.004481199836
2020-05,-0.007648305464,-0.007547065375
2020-06,-0.006195710624,-0.00602954242
2020-07,0.01058544459,0.01063490631
2020-08,-0.02227151014,-0.02206943993
2020-09,-0.02302536822,-0.02284183837
2020-10,0.003891520803,0.004108804061
2020-11,0.005362065214,0.005725484589
2020-12,0.006939809184,0.007294394261
2021-01,0.03128141547,0.03155278982
2021-02,0.005919719544,0.006116608067
2021-03,0.01001852085,0.01016733514
2021-04,0.0132192931,0.01347359705
2021-05,0.003720267071,0.003882659657
2021-06,-0.02318764178,-0.02292148187
2021-07,0.00555385662,0.005751516863
2021-08,-0.01864436966,-0.01845732384
2021-09,0.01270429243,0.01282263298
2021-10,0.02665873434,0.02679844528
2021-11,-0.07041805038,-0.07008099669
2021-12,0.01439075381,0.01455811829
2022-01,0.0144315256,0.01450369796
2022-02,-0.02526260986,-0.02510674406
2022-03,0.05059752034,0.05086865873
2022-04,0.04898511129,0.04912814992
2022-05,0.01277511317,0.01284016776
2022-06,-0.01391211309,-0.01379359478
2022-07,-0.007620866368,-0.007507236773
2022-08,-0.01582806292,-0.0157721991
2022-09,-0.01439784987,-0.01435739168
2022-10,0.04031143961,0.04037553788
2022-11,-0.0230789438,-0.02281812198
2022-12,-0.03289234284,-0.03277233144
2023-01,-0.01035799762,-0.01032309341
2023-02,-0.009168069979,-0.008964844695
2023-03,0.003309830032,0.003425546336
2023-04,-0.05892282472,-0.05870430793
2023-05,-0.007831604875,-0.007755412749
2023-06,0.02943594754,0.02963776003
2023-07,0.02118479463,0.02125713019
2023-08,0.01484725297,0.01494327053
2023-09,0.02300856966,0.02313557714
2023-10,-0.04620665902,-0.04594539992
2023-11,-0.009024640835,-0.008836683244
2023-12,-0.01797286293,-0.01782554892
2024-01,-0.02664544146,-0.02654801581
2024-02,-0.005170047795,-0.004690059026
2024-03,-0.001875966263,-0.00154709632
2024-04,-0.0005978526234,-0.0004266842465
2024-05,-0.02883036475,-0.02853518585
2024-06,0.02517693095,0.02547224502
2024-07,0.03977766089,0.03996714604
2024-08,-0.005053144714,-0.004831539015
2024-09,-0.0221244287,-0.02195771349
2024-10,0.004013187356,0.004156653156
2024-11,0.02905737313,0.02934336398
2024-12,-0.006355493037,-0.006048529963
2025-01,0.02860023935,0.02876649756
2025-02,-0.0204537047,-0.02018819142
2025-03,0.02686778853,0.02696657636
2025-04,-0.02754985463,-0.02737808017
2025-05,0.0007311505295,0.0008685471384
2025-06,0.01487835869,0.01511169032
2025-07,0.04738521558,0.04751680281
2025-08,0.004716626592,0.004819661409
2025-09,0.02004522344,0.02015542887
2025-10,-0.0489943417,-0.04884957057
2025-11,-0.00764537343,-0.007344744523
2025-12,0.01011226397,0.01019177643
2026-01,-0.002927920691,-0.00276496347
2026-02,-0.03433684564,-0.03409532992
2026-03,0.08289829199,0.08301387956
2026-04,0.0157215213,0.01584586631
2026-05,0.005916746545,0.005955797876
2026-06,-0.001837602607,-0.00162714042
